{"cameraMode":{"drawMode":0,"name":"Shaded","section":"Shading Mode"},"sceneLighting":false,"audioPlay":false,"sceneViewState":{"m_AlwaysRefresh":false,"showFog":true,"showSkybox":false,"showFlares":true,"showImageEffects":true,"showParticleSystems":true,"showVisualEffectGraphs":true,"m_FxEnabled":true},"in2DMode":false,"pivot":{"x":-4.5044169425964359,"y":0.4853280782699585,"z":0.6357910633087158},"rotation":{"x":0.03230488300323486,"y":-0.5689100623130798,"z":0.022380800917744638,"w":0.8215010166168213},"size":0.09583397954702378,"orthographic":false}