{"cameraMode":{"drawMode":0,"name":"Shaded","section":"Shading Mode"},"sceneLighting":false,"audioPlay":false,"sceneViewState":{"m_AlwaysRefresh":false,"showFog":true,"showSkybox":false,"showFlares":true,"showImageEffects":true,"showParticleSystems":true,"showVisualEffectGraphs":true,"m_FxEnabled":true},"in2DMode":false,"pivot":{"x":2.075147867202759,"y":0.49752160906791689,"z":-2.0520036220550539},"rotation":{"x":0.012779776006937027,"y":-0.9842923879623413,"z":0.08020974695682526,"w":0.15693208575248719},"size":0.0696086585521698,"orthographic":false}